"","Year","Month","Unemployment","Employment","U/E Ratio","UE_Delta","UE_DeltaPer","P_Year","P_Flag","SH_Flag"
"1",2294,1,2034,58061,0.035032121389573,NA,NA,2,TRUE,TRUE
"2",2294,2,2328,58196,0.0400027493298509,0.00497062794027782,0.497062794027782,2,TRUE,TRUE
"3",2294,3,2399,57671,0.0415980302058227,0.00159528087597183,0.159528087597183,2,TRUE,TRUE
"4",2294,4,2386,58291,0.0409325624882057,-0.000665467717616962,-0.0665467717616962,2,TRUE,TRUE
"5",2294,5,2118,57854,0.0366093960659591,-0.00432316642224659,-0.432316642224659,2,TRUE,TRUE
"6",2294,6,2214,58743,0.0376895970583729,0.00108020099241378,0.108020099241378,2,TRUE,TRUE
"7",2294,7,2213,58968,0.0375288291954959,-0.000160767862877054,-0.0160767862877054,2,TRUE,TRUE
"8",2294,8,2350,58456,0.0402011769536061,0.00267234775811027,0.267234775811027,2,TRUE,TRUE
"9",2294,9,2302,58513,0.0393416847538154,-0.000859492199790736,-0.0859492199790736,2,TRUE,TRUE
"10",2294,10,2259,58387,0.0386901193758885,-0.000651565377926926,-0.0651565377926926,2,TRUE,TRUE
"11",2294,11,2285,58417,0.0391153260181112,0.000425206642222696,0.0425206642222696,2,TRUE,TRUE
"12",2294,12,2429,58740,0.0413517194416071,0.00223639342349592,0.223639342349592,2,TRUE,TRUE
"13",2295,1,2596,58175,0.0446239793725827,0.00327225993097564,0.327225993097564,3,FALSE,FALSE
"14",2295,2,2849,58208,0.0489451621770203,0.00432118280443762,0.432118280443762,3,FALSE,FALSE
"15",2295,3,3030,58043,0.0522026773254311,0.0032575151484108,0.32575151484108,3,FALSE,FALSE
"16",2295,4,3260,57747,0.0564531490813376,0.00425047175590641,0.425047175590641,3,FALSE,FALSE
"17",2295,5,3707,57552,0.0644113149847095,0.00795816590337192,0.795816590337192,3,FALSE,FALSE
"18",2295,6,3776,57172,0.0660463163786469,0.00163500139393741,0.163500139393741,3,FALSE,FALSE
"19",2295,7,4111,57190,0.0718831963630005,0.00583687998435364,0.583687998435364,3,FALSE,FALSE
"20",2295,8,4193,57397,0.0730525985678694,0.00116940220486887,0.116940220486887,3,FALSE,FALSE
"21",2295,9,4049,57584,0.0703146707418727,-0.00273792782599666,-0.273792782599666,3,FALSE,FALSE
"22",2295,10,4916,57269,0.0858405070806195,0.0155258363387468,1.55258363387468,3,FALSE,FALSE
"23",2295,11,3996,58009,0.0688858625385716,-0.0169546445420479,-1.69546445420479,3,FALSE,FALSE
"24",2295,12,4063,57845,0.0702394329674129,0.00135357042884132,0.135357042884132,3,FALSE,FALSE
"25",2296,1,4026,57635,0.0698533876984471,-0.000386045268965796,-0.0386045268965796,0,FALSE,TRUE
"26",2296,2,3936,57751,0.0681546639885024,-0.00169872370994475,-0.169872370994475,0,FALSE,TRUE
"27",2296,3,3876,57728,0.0671424611973392,-0.00101220279116312,-0.101220279116312,0,FALSE,TRUE
"28",2296,4,3575,58583,0.061024529300309,-0.00611793189703028,-0.611793189703028,0,FALSE,TRUE
"29",2296,5,3434,58649,0.0585517229620283,-0.00247280633828063,-0.247280633828063,0,FALSE,TRUE
"30",2296,6,3367,59052,0.0570175438596491,-0.00153417910237922,-0.153417910237922,0,FALSE,TRUE
"31",2296,7,3120,59001,0.0528804596532262,-0.00413708420642291,-0.413708420642291,0,FALSE,TRUE
"32",2296,8,2799,59797,0.0468083683127916,-0.0060720913404346,-0.60720913404346,0,FALSE,TRUE
"33",2296,9,2774,59575,0.0465631556861099,-0.000245212626681666,-0.0245212626681666,0,FALSE,TRUE
"34",2296,10,2625,59803,0.0438941190241292,-0.00266903666198073,-0.266903666198073,0,FALSE,TRUE
"35",2296,11,2589,59697,0.0433690135182672,-0.000525105505861975,-0.0525105505861975,0,FALSE,TRUE
"36",2296,12,2639,59429,0.0444059297649296,0.00103691624666234,0.103691624666234,0,FALSE,TRUE
"37",2297,1,2305,59636,0.0386511503118921,-0.00575477945303744,-0.575477945303744,1,FALSE,FALSE
"38",2297,2,2117,59661,0.0354838168988116,-0.00316733341308053,-0.316733341308053,1,FALSE,FALSE
"39",2297,3,2125,60401,0.0351815367295243,-0.000302280169287274,-0.0302280169287274,1,FALSE,FALSE
"40",2297,4,1919,59889,0.0320426121658401,-0.0031389245636842,-0.31389245636842,1,FALSE,FALSE
"41",2297,5,1856,60188,0.0308367116368711,-0.001205900528969,-0.1205900528969,1,FALSE,FALSE
"42",2297,6,1995,59620,0.0334619255283462,0.00262521389147505,0.262521389147505,1,FALSE,FALSE
"43",2297,7,1950,60156,0.0324157191302613,-0.00104620639808487,-0.104620639808487,1,FALSE,FALSE
"44",2297,8,1933,59994,0.0322198886555322,-0.000195830474729097,-0.0195830474729097,1,FALSE,FALSE
"45",2297,9,2067,59713,0.0346155778473699,0.0023956891918377,0.23956891918377,1,FALSE,FALSE
"46",2297,10,2194,60010,0.0365605732377937,0.00194499539042378,0.194499539042378,1,FALSE,FALSE
"47",2297,11,2178,59836,0.0363994919446487,-0.000161081293144995,-0.0161081293144995,1,FALSE,FALSE
"48",2297,12,1960,60497,0.0323983007421856,-0.00400119120246314,-0.400119120246314,1,FALSE,FALSE
"49",2298,1,1972,60460,0.0326166060205094,0.000218305278323866,0.0218305278323866,2,TRUE,TRUE
"50",2298,2,1957,60462,0.0323674373986967,-0.000249168621812727,-0.0249168621812727,2,TRUE,TRUE
"51",2298,3,1813,59908,0.0302630700407291,-0.00210436735796758,-0.210436735796758,2,TRUE,TRUE
"52",2298,4,1811,59909,0.030229180924402,-3.38891163271064e-05,-0.00338891163271064,2,TRUE,TRUE
"53",2298,5,1863,60195,0.0309494144031896,0.000720233478787621,0.0720233478787621,2,TRUE,TRUE
"54",2298,6,1884,60219,0.0312858068051612,0.000336392401971527,0.0336392401971527,2,TRUE,TRUE
"55",2298,7,1991,59971,0.0331993797001884,0.00191357289502726,0.191357289502726,2,TRUE,TRUE
"56",2298,8,2087,59790,0.0349055025924068,0.00170612289221833,0.170612289221833,2,TRUE,TRUE
"57",2298,9,1936,60521,0.03198889641612,-0.00291660617628673,-0.291660617628673,2,TRUE,TRUE
"58",2298,10,1839,60132,0.0305827180203552,-0.0014061783957648,-0.14061783957648,2,TRUE,TRUE
"59",2298,11,1743,60748,0.028692302627247,-0.00189041539310823,-0.189041539310823,2,TRUE,TRUE
"60",2298,12,1667,60954,0.0273484923056731,-0.00134381032157386,-0.134381032157386,2,TRUE,TRUE
"61",2299,1,1839,61600,0.0298538961038961,0.00250540379822297,0.250540379822297,3,FALSE,FALSE
"62",2299,2,1636,61884,0.0264365587227716,-0.00341733738112447,-0.341733738112447,3,FALSE,FALSE
"63",2299,3,1647,62010,0.0265602322206096,0.000123673497837942,0.0123673497837942,3,FALSE,FALSE
"64",2299,4,1723,61444,0.0280417941540264,0.00148156193341685,0.148156193341685,3,FALSE,FALSE
"65",2299,5,1596,61019,0.0261557875415854,-0.00188600661244102,-0.188600661244102,3,FALSE,FALSE
"66",2299,6,1607,61456,0.0261487893777662,-6.99816381920237e-06,-0.000699816381920237,3,FALSE,FALSE
"67",2299,7,1660,61397,0.0270371516523609,0.00088836227459466,0.088836227459466,3,FALSE,FALSE
"68",2299,8,1665,61151,0.0272276822946477,0.000190530642286808,0.0190530642286808,3,FALSE,FALSE
"69",2299,9,1821,60906,0.0298985321643188,0.00267084986967111,0.267084986967111,3,FALSE,FALSE
"70",2299,10,1974,60893,0.0324175192550868,0.002518987090768,0.2518987090768,3,FALSE,FALSE
"71",2299,11,2211,60738,0.03640225229675,0.00398473304166318,0.398473304166318,3,FALSE,FALSE
"72",2299,12,2818,59977,0.0469846774596929,0.0105824251629429,1.05824251629429,3,FALSE,FALSE
"73",2300,1,3077,60024,0.0512628282020525,0.00427815074235963,0.427815074235963,0,FALSE,TRUE
"74",2300,2,3331,60663,0.0549099121375468,0.00364708393549427,0.364708393549427,0,FALSE,TRUE
"75",2300,3,3607,60186,0.0599308809357658,0.00502096879821901,0.502096879821901,0,FALSE,TRUE
"76",2300,4,3749,60185,0.0622912685885187,0.00236038765275294,0.236038765275294,0,FALSE,TRUE
"77",2300,5,3767,59908,0.0628797489483875,0.000588480359868804,0.0588480359868804,0,FALSE,TRUE
"78",2300,6,3551,59792,0.0593892159486219,-0.00349053299976564,-0.349053299976564,0,FALSE,TRUE
"79",2300,7,3659,59643,0.0613483560518418,0.0019591401032199,0.19591401032199,0,FALSE,TRUE
"80",2300,8,3854,59853,0.0643910915075268,0.00304273545568497,0.304273545568497,0,FALSE,TRUE
"81",2300,9,3927,60282,0.0651438240270728,0.000752732519545996,0.0752732519545996,0,FALSE,TRUE
"82",2300,10,3666,60270,0.0608262817322051,-0.00431754229486769,-0.431754229486769,0,FALSE,TRUE
"83",2300,11,3402,60357,0.0563646304488295,-0.00446165128337561,-0.446165128337561,0,FALSE,TRUE
"84",2300,12,3196,60116,0.0531638831592255,-0.00320074728960397,-0.320074728960397,0,FALSE,TRUE
"85",2301,1,3157,60753,0.0519645120405577,-0.00119937111866783,-0.119937111866783,1,FALSE,FALSE
"86",2301,2,2969,60727,0.0488909381329557,-0.00307357390760198,-0.307357390760198,1,FALSE,FALSE
"87",2301,3,2918,60964,0.0478643133652647,-0.00102662476769094,-0.102662476769094,1,FALSE,FALSE
"88",2301,4,3049,61515,0.049565146712184,0.00170083334691927,0.170083334691927,1,FALSE,FALSE
"89",2301,5,2747,61634,0.0445695557646753,-0.00499559094750868,-0.499559094750868,1,FALSE,FALSE
"90",2301,6,2701,61781,0.0437189427170166,-0.00085061304765878,-0.085061304765878,1,FALSE,FALSE
"91",2301,7,2632,62513,0.0421032425255547,-0.00161570019146188,-0.161570019146188,1,FALSE,FALSE
"92",2301,8,2784,62797,0.0443333280252241,0.00223008549966945,0.223008549966945,1,FALSE,FALSE
"93",2301,9,2678,62950,0.0425416997617156,-0.00179162826350849,-0.179162826350849,1,FALSE,FALSE
"94",2301,10,2830,62991,0.0449270530710736,0.002385353309358,0.2385353309358,1,FALSE,FALSE
"95",2301,11,2780,63257,0.0439477053922886,-0.000979347678785047,-0.0979347678785047,1,FALSE,FALSE
"96",2301,12,2761,63684,0.0433546887758307,-0.000593016616457935,-0.0593016616457935,1,FALSE,FALSE
"97",2302,1,2666,63753,0.0418176399541982,-0.00153704882163243,-0.153704882163243,2,TRUE,TRUE
"98",2302,2,2606,63518,0.0410277401681413,-0.000789899786056918,-0.0789899786056918,2,TRUE,TRUE
"99",2302,3,2764,63411,0.0435886518111999,0.00256091164305863,0.256091164305863,2,TRUE,TRUE
"100",2302,4,2650,63614,0.0416574967774389,-0.00193115503376102,-0.193115503376102,2,TRUE,TRUE
"101",2302,5,2861,63861,0.044800425925056,0.00314292914761705,0.314292914761705,2,TRUE,TRUE
"102",2302,6,2882,63820,0.0451582575994986,0.000357831674442609,0.0357831674442609,2,TRUE,TRUE
"103",2302,7,2952,63800,0.046269592476489,0.00111133487699044,0.111133487699044,2,TRUE,TRUE
"104",2302,8,2701,63972,0.042221596948665,-0.00404799552782398,-0.404799552782398,2,TRUE,TRUE
"105",2302,9,2635,64079,0.0411211161222866,-0.00110048082637849,-0.110048082637849,2,TRUE,TRUE
"106",2302,10,2571,63975,0.0401875732708089,-0.000933542851477648,-0.0933542851477648,2,TRUE,TRUE
"107",2302,11,2861,63796,0.0448460718540347,0.00465849858322583,0.465849858322583,2,TRUE,TRUE
"108",2302,12,2790,63910,0.0436551400406822,-0.00119093181335252,-0.119093181335252,2,TRUE,TRUE
"109",2303,1,2796,63632,0.0439401558964043,0.000285015855722118,0.0285015855722118,3,FALSE,FALSE
"110",2303,2,2622,64257,0.0408048928521406,-0.0031352630442637,-0.31352630442637,3,FALSE,FALSE
"111",2303,3,2509,64404,0.0389572076268555,-0.00184768522528515,-0.184768522528515,3,FALSE,FALSE
"112",2303,4,2600,64047,0.0405951879088794,0.00163798028202394,0.163798028202394,3,FALSE,FALSE
"113",2303,5,2710,63985,0.0423536766429632,0.00175848873408378,0.175848873408378,3,FALSE,FALSE
"114",2303,6,2856,64196,0.0444887531933454,0.00213507655038218,0.213507655038218,3,FALSE,FALSE
"115",2303,7,2796,64540,0.0433219708707778,-0.00116678232256757,-0.116678232256757,3,FALSE,FALSE
"116",2303,8,2747,63959,0.0429493894526181,-0.000372581418159726,-0.0372581418159726,3,FALSE,FALSE
"117",2303,9,2943,64121,0.0458975998502831,0.00294821039766497,0.294821039766497,3,FALSE,FALSE
"118",2303,10,3020,64046,0.0471536083440027,0.00125600849371969,0.125600849371969,3,FALSE,FALSE
"119",2303,11,3454,63669,0.0542493207055239,0.00709571236152113,0.709571236152113,3,FALSE,FALSE
"120",2303,12,3476,63922,0.0543787741309721,0.000129453425448241,0.0129453425448241,3,FALSE,FALSE
"121",2304,1,3875,63220,0.0612938943372351,0.00691512020626293,0.691512020626293,0,FALSE,TRUE
"122",2304,2,4303,62898,0.0684123501542179,0.00711845581698289,0.711845581698289,0,FALSE,TRUE
"123",2304,3,4492,62731,0.0716073392740431,0.0031949891198252,0.31949891198252,0,FALSE,TRUE
"124",2304,4,5016,62631,0.0800881352684773,0.00848079599443413,0.848079599443413,0,FALSE,TRUE
"125",2304,5,5021,62874,0.0798581289563254,-0.00023000631215192,-0.023000631215192,0,FALSE,TRUE
"126",2304,6,4944,62730,0.0788139646102343,-0.00104416434609102,-0.104416434609102,0,FALSE,TRUE
"127",2304,7,5079,62745,0.0809466889792015,0.00213272436896719,0.213272436896719,0,FALSE,TRUE
"128",2304,8,5025,63012,0.0797467149114454,-0.00119997406775608,-0.119997406775608,0,FALSE,TRUE
"129",2304,9,4821,63181,0.0763045852392333,-0.00344212967221214,-0.344212967221214,0,FALSE,TRUE
"130",2304,10,4570,63475,0.0719968491532099,-0.00430773608602339,-0.430773608602339,0,FALSE,TRUE
"131",2304,11,4188,63470,0.0659839294154719,-0.00601291973773804,-0.601291973773804,0,FALSE,TRUE
"132",2304,12,4191,63549,0.065949110135486,-3.48192799858732e-05,-0.00348192799858732,0,FALSE,TRUE
"133",2305,1,4068,63868,0.0636938686039957,-0.00225524153149026,-0.225524153149026,1,FALSE,FALSE
"134",2305,2,3965,63684,0.0622605363984674,-0.00143333220552831,-0.143333220552831,1,FALSE,FALSE
"135",2305,3,3801,64267,0.0591438841084849,-0.00311665228998251,-0.311665228998251,1,FALSE,FALSE
"136",2305,4,3571,64768,0.0551352519762846,-0.00400863213220033,-0.400863213220033,1,FALSE,FALSE
"137",2305,5,3479,64699,0.0537720830306496,-0.00136316894563496,-0.136316894563496,1,FALSE,FALSE
"138",2305,6,3429,64849,0.0528766827553239,-0.000895400275325718,-0.0895400275325718,1,FALSE,FALSE
"139",2305,7,3528,65011,0.054267739305656,0.00139105655033206,0.139105655033206,1,FALSE,FALSE
"140",2305,8,3588,64844,0.0553327987169206,0.00106505941126464,0.106505941126464,1,FALSE,FALSE
"141",2305,9,3775,64770,0.0582831557819978,0.00295035706507723,0.295035706507723,1,FALSE,FALSE
"142",2305,10,3910,64911,0.0602363235815193,0.00195316779952148,0.195316779952148,1,FALSE,FALSE
"143",2305,11,4003,64530,0.062033162869983,0.00179683928846364,0.179683928846364,1,FALSE,FALSE
"144",2305,12,3653,65341,0.0559067048254542,-0.0061264580445288,-0.61264580445288,1,FALSE,FALSE
"145",2306,1,3615,65347,0.0553200605995685,-0.000586644225885703,-0.0586644225885703,2,TRUE,TRUE
"146",2306,2,3329,65620,0.050731484303566,-0.00458857629600247,-0.458857629600247,2,TRUE,TRUE
"147",2306,3,3726,64673,0.0576129141991248,0.00688142989555884,0.688142989555884,2,TRUE,TRUE
"148",2306,4,3620,65959,0.0548825785715369,-0.00273033562758797,-0.273033562758797,2,TRUE,TRUE
"149",2306,5,3569,66057,0.0540290960836853,-0.00085348248785156,-0.085348248785156,2,TRUE,TRUE
"150",2306,6,3766,66168,0.0569157296578406,0.00288663357415535,0.288663357415535,2,TRUE,TRUE
"151",2306,7,3836,65909,0.0582014595882201,0.00128572993037947,0.128572993037947,2,TRUE,TRUE
"152",2306,8,3946,65895,0.0598831474315198,0.00168168784329972,0.168168784329972,2,TRUE,TRUE
"153",2306,9,3884,66267,0.0586113751942898,-0.00127177223723008,-0.127177223723008,2,TRUE,TRUE
"154",2306,10,4252,65632,0.064785470502194,0.00617409530790428,0.617409530790428,2,TRUE,TRUE
"155",2306,11,4330,66109,0.0654978898485834,0.000712419346389354,0.0712419346389354,2,TRUE,TRUE
"156",2306,12,4617,65778,0.0701906412478336,0.00469275139925023,0.469275139925023,2,TRUE,TRUE
"157",2307,1,4671,65776,0.0710137436146923,0.000823102366858661,0.0823102366858661,3,FALSE,FALSE
"158",2307,2,4832,65588,0.0736720131731414,0.00265826955844914,0.265826955844914,3,FALSE,FALSE
"159",2307,3,4853,65850,0.0736977980258162,2.57848526748206e-05,0.00257848526748206,3,FALSE,FALSE
"160",2307,4,4893,65374,0.0748462691589929,0.00114847113317662,0.114847113317662,3,FALSE,FALSE
"161",2307,5,5003,65449,0.0764411984904277,0.00159492933143479,0.159492933143479,3,FALSE,FALSE
"162",2307,6,4885,65993,0.0740230024396527,-0.00241819605077497,-0.241819605077497,3,FALSE,FALSE
"163",2307,7,4928,65608,0.0751127911230338,0.00108978868338108,0.108978868338108,3,FALSE,FALSE
"164",2307,8,4682,65852,0.0710988276741785,-0.00401396344885531,-0.401396344885531,3,FALSE,FALSE
"165",2307,9,4676,65541,0.0713446544910819,0.000245826816903452,0.0245826816903452,3,FALSE,FALSE
"166",2307,10,4573,65919,0.0693730184013714,-0.00197163608971054,-0.197163608971054,3,FALSE,FALSE
"167",2307,11,4295,66081,0.0649959897701306,-0.00437702863124077,-0.437702863124077,3,FALSE,FALSE
"168",2307,12,4177,65900,0.0633839150227618,-0.00161207474736884,-0.161207474736884,3,FALSE,FALSE
"169",2308,1,4081,66108,0.0617323168149089,-0.00165159820785283,-0.165159820785283,0,FALSE,TRUE
"170",2308,2,3871,66538,0.0581772821545583,-0.00355503466035063,-0.355503466035063,0,FALSE,TRUE
"171",2308,3,3921,66493,0.0589686132374836,0.000791331082925346,0.0791331082925346,0,FALSE,TRUE
"172",2308,4,3906,66372,0.0588501175194359,-0.000118495718047743,-0.0118495718047743,0,FALSE,TRUE
"173",2308,5,3863,66688,0.0579264635316699,-0.000923653987766039,-0.0923653987766039,0,FALSE,TRUE
"174",2308,6,3844,66670,0.0576571171441428,-0.00026934638752707,-0.026934638752707,0,FALSE,TRUE
"175",2308,7,3819,66483,0.0574432561707504,-0.000213860973392377,-0.0213860973392377,0,FALSE,TRUE
"176",2308,8,4013,66968,0.0599241428742086,0.00248088670345816,0.248088670345816,0,FALSE,TRUE
"177",2308,9,3961,67192,0.0589504702940826,-0.000973672580125949,-0.0973672580125949,0,FALSE,TRUE
"178",2308,10,3803,67114,0.0566647793306911,-0.00228569096339157,-0.228569096339157,0,FALSE,TRUE
"179",2308,11,4024,66847,0.0601971666641734,0.00353238733348235,0.353238733348235,0,FALSE,TRUE
"180",2308,12,3907,66947,0.0583595978908689,-0.00183756877330452,-0.183756877330452,0,FALSE,TRUE
"181",2309,1,4074,67072,0.0607406965648855,0.0023810986740166,0.23810986740166,1,FALSE,FALSE
"182",2309,2,4238,67024,0.0632310814036763,0.0024903848387908,0.24903848387908,1,FALSE,FALSE
"183",2309,3,4072,67351,0.0604593844189396,-0.00277169698473671,-0.277169698473671,1,FALSE,FALSE
"184",2309,4,4055,67642,0.0599479613258035,-0.000511423093136086,-0.0511423093136086,1,FALSE,FALSE
"185",2309,5,4217,67615,0.0623678177919101,0.00241985646610658,0.241985646610658,1,FALSE,FALSE
"186",2309,6,3977,67649,0.0587887478011501,-0.00357906999076003,-0.357906999076003,1,FALSE,FALSE
"187",2309,7,4051,67905,0.0596568735733746,0.000868125772224518,0.0868125772224518,1,FALSE,FALSE
"188",2309,8,3878,67908,0.0571066737350533,-0.00255019983832126,-0.255019983832126,1,FALSE,FALSE
"189",2309,9,3957,68174,0.0580426555578373,0.000935981822783989,0.0935981822783989,1,FALSE,FALSE
"190",2309,10,3987,68294,0.0583799455296219,0.000337289971784636,0.0337289971784636,1,FALSE,FALSE
"191",2309,11,4151,68267,0.0608053671612932,0.00242542163167123,0.242542163167123,1,FALSE,FALSE
"192",2309,12,3975,68213,0.0582733496547579,-0.00253201750653527,-0.253201750653527,1,FALSE,FALSE
"193",2310,1,4029,68327,0.0589664407920734,0.00069309113731552,0.069309113731552,2,TRUE,TRUE
"194",2310,2,3932,68751,0.0571918953906125,-0.00177454540146091,-0.177454540146091,2,TRUE,TRUE
"195",2310,3,3950,68763,0.0574436833762343,0.00025178798562181,0.025178798562181,2,TRUE,TRUE
"196",2310,4,3918,69356,0.0564911471249784,-0.000952536251255937,-0.0952536251255937,2,TRUE,TRUE
"197",2310,5,3764,69631,0.0540563829328891,-0.00243476419208929,-0.243476419208929,2,TRUE,TRUE
"198",2310,6,3814,69218,0.0551012742350256,0.00104489130213649,0.104489130213649,2,TRUE,TRUE
"199",2310,7,3608,69399,0.051989221746711,-0.00311205248831452,-0.311205248831453,2,TRUE,TRUE
"200",2310,8,3655,69463,0.0526179404863021,0.000628718739591014,0.0628718739591014,2,TRUE,TRUE
"201",2310,9,3712,69578,0.0533501969013194,0.00073225641501732,0.073225641501732,2,TRUE,TRUE
"202",2310,10,3726,69582,0.0535483314650341,0.000198134563714675,0.0198134563714675,2,TRUE,TRUE
"203",2310,11,3551,69735,0.0509213450921345,-0.00262698637289955,-0.262698637289955,2,TRUE,TRUE
"204",2310,12,3651,69814,0.0522961010685536,0.00137475597641908,0.137475597641908,2,TRUE,TRUE
"205",2311,1,3572,69997,0.0510307584610769,-0.00126534260747668,-0.126534260747668,3,FALSE,FALSE
"206",2311,2,3730,70127,0.0531892138548633,0.00215845539378642,0.215845539378642,3,FALSE,FALSE
"207",2311,3,3510,70439,0.0498303496642485,-0.00335886419061482,-0.335886419061482,3,FALSE,FALSE
"208",2311,4,3595,70633,0.0508968895558733,0.00106653989162482,0.106653989162482,3,FALSE,FALSE
"209",2311,5,3432,71034,0.0483148914604274,-0.00258199809544592,-0.258199809544592,3,FALSE,FALSE
"210",2311,6,3387,71025,0.0476874340021119,-0.000627457458315474,-0.0627457458315474,3,FALSE,FALSE
"211",2311,7,3301,71460,0.0461936747830954,-0.00149375921901649,-0.149375921901649,3,FALSE,FALSE
"212",2311,8,3254,71362,0.0455984977999496,-0.000595176983145887,-0.0595176983145887,3,FALSE,FALSE
"213",2311,9,3216,71286,0.0451140476390876,-0.000484450160861932,-0.0484450160861932,3,FALSE,FALSE
"214",2311,10,3143,71695,0.0438384824604226,-0.001275565178665,-0.1275565178665,3,FALSE,FALSE
"215",2311,11,3073,71724,0.042844793932296,-0.000993688528126598,-0.0993688528126598,3,FALSE,FALSE
"216",2311,12,3031,72062,0.0420610030251728,-0.000783790907123258,-0.0783790907123258,3,FALSE,FALSE
"217",2312,1,2988,72198,0.0413861879830466,-0.000674815042126145,-0.0674815042126145,0,FALSE,TRUE
"218",2312,2,2820,72134,0.0390939085590706,-0.002292279423976,-0.2292279423976,0,FALSE,TRUE
"219",2312,3,2887,72188,0.0399927965866903,0.000898888027619692,0.0898888027619692,0,FALSE,TRUE
"220",2312,4,2828,72510,0.0390015170321335,-0.000991279554556815,-0.0991279554556815,0,FALSE,TRUE
"221",2312,5,2950,72497,0.0406913389519566,0.00168982191982314,0.168982191982314,0,FALSE,TRUE
"222",2312,6,2872,72775,0.0394641016832704,-0.00122723726868628,-0.122723726868628,0,FALSE,TRUE
"223",2312,7,2876,72860,0.0394729618446335,8.86016136319306e-06,0.000886016136319306,0,FALSE,TRUE
"224",2312,8,2900,73146,0.0396467339294015,0.000173772084767924,0.0173772084767924,0,FALSE,TRUE
"225",2312,9,2798,73258,0.038193780883999,-0.00145295304540245,-0.145295304540245,0,FALSE,TRUE
"226",2312,10,2798,73401,0.0381193716706857,-7.44092133133298e-05,-0.00744092133133298,0,FALSE,TRUE
"227",2312,11,2770,73840,0.0375135427952329,-0.000605828875452748,-0.0605828875452748,0,FALSE,TRUE
"228",2312,12,2912,73729,0.0394959920791005,0.00198244928386755,0.198244928386755,0,FALSE,TRUE
"229",2313,1,2968,73671,0.0402872229235384,0.000791230844437947,0.0791230844437947,1,FALSE,FALSE
"230",2313,2,2915,73606,0.0396027497758335,-0.000684473147704943,-0.0684473147704943,1,FALSE,FALSE
"231",2313,3,2889,73439,0.0393387709527635,-0.000263978823069978,-0.0263978823069978,1,FALSE,FALSE
"232",2313,4,2895,73882,0.0391841043826643,-0.000154666570099264,-0.0154666570099264,1,FALSE,FALSE
"233",2313,5,2929,73844,0.0396646985537078,0.000480594171043562,0.0480594171043562,1,FALSE,FALSE
"234",2313,6,2992,74278,0.0402811061148658,0.00061640756115796,0.061640756115796,1,FALSE,FALSE
"235",2313,7,2944,74520,0.0395061728395062,-0.000774933275359602,-0.0774933275359602,1,FALSE,FALSE
"236",2313,8,2945,74767,0.0393890352695708,-0.000117137569935373,-0.0117137569935373,1,FALSE,FALSE
"237",2313,9,2958,74854,0.0395169262831646,0.000127891013593763,0.0127891013593763,1,FALSE,FALSE
"238",2313,10,3143,75051,0.0418781894978082,0.0023612632146436,0.23612632146436,1,FALSE,FALSE
"239",2313,11,3066,75125,0.0408119800332779,-0.00106620946453029,-0.106620946453029,1,FALSE,FALSE
"240",2313,12,3018,75473,0.0399878102102739,-0.000824169823003998,-0.0824169823003998,1,FALSE,FALSE
"241",2314,1,2878,74700,0.0385274431057564,-0.00146036710451752,-0.146036710451752,2,TRUE,TRUE
"242",2314,2,3001,75229,0.0398915311914288,0.00136408808567248,0.136408808567248,2,TRUE,TRUE
"243",2314,3,2877,75379,0.038167128775919,-0.00172440241550981,-0.172440241550981,2,TRUE,TRUE
"244",2314,4,2709,75561,0.0358518283241355,-0.00231530045178356,-0.231530045178356,2,TRUE,TRUE
"245",2314,5,2740,76107,0.0360019446305859,0.000150116306450419,0.0150116306450419,2,TRUE,TRUE
"246",2314,6,2938,76182,0.0385655404163713,0.00256359578578544,0.256359578578544,2,TRUE,TRUE
"247",2314,7,2883,76087,0.0378908354909511,-0.000674704925420176,-0.0674704925420176,2,TRUE,TRUE
"248",2314,8,2768,76043,0.0364004576358113,-0.00149037785513983,-0.149037785513983,2,TRUE,TRUE
"249",2314,9,2686,76172,0.0352623011080187,-0.00113815652779262,-0.113815652779262,2,TRUE,TRUE
"250",2314,10,2689,76224,0.0352776028547439,1.53017467252187e-05,0.00153017467252187,2,TRUE,TRUE
"251",2314,11,2715,76494,0.0354929798415562,0.000215376986812288,0.0215376986812288,2,TRUE,TRUE
"252",2314,12,2685,76778,0.0349709552215478,-0.00052202462000836,-0.052202462000836,2,TRUE,TRUE
"253",2315,1,2718,76805,0.0353883210728468,0.000417365851298979,0.0417365851298979,3,FALSE,FALSE
"254",2315,2,2692,77327,0.0348131959082856,-0.000575125164561228,-0.0575125164561228,3,FALSE,FALSE
"255",2315,3,2712,77367,0.0350537050680523,0.000240509159766679,0.0240509159766679,3,FALSE,FALSE
"256",2315,4,2758,77523,0.0355765385756485,0.00052283350759625,0.052283350759625,3,FALSE,FALSE
"257",2315,5,2713,77412,0.0350462460600424,-0.00053029251560615,-0.053029251560615,3,FALSE,FALSE
"258",2315,6,2816,77880,0.0361581920903955,0.00111194603035311,0.111194603035311,3,FALSE,FALSE
"259",2315,7,2868,77959,0.0367885683500301,0.000630376259634663,0.0630376259634663,3,FALSE,FALSE
"260",2315,8,2856,78250,0.0364984025559105,-0.000290165794119598,-0.0290165794119598,3,FALSE,FALSE
"261",2315,9,3040,78250,0.0388498402555911,0.00235143769968051,0.235143769968051,3,FALSE,FALSE
"262",2315,10,3049,78445,0.0388679966855759,1.81564299848308e-05,0.00181564299848308,3,FALSE,FALSE
"263",2315,11,2856,78541,0.0363631733744159,-0.00250482331115997,-0.250482331115997,3,FALSE,FALSE
"264",2315,12,2884,78740,0.0366268732537465,0.000263699879330594,0.0263699879330594,3,FALSE,FALSE
"265",2316,1,3201,78780,0.0406321401370906,0.00400526688334413,0.400526688334413,0,FALSE,TRUE
"266",2316,2,3453,78698,0.0438765915271036,0.00324445139001298,0.324445139001298,0,FALSE,TRUE
"267",2316,3,3635,78863,0.0460925909488607,0.00221599942175707,0.221599942175707,0,FALSE,TRUE
"268",2316,4,3797,78930,0.048105916634993,0.00201332568613235,0.201332568613235,0,FALSE,TRUE
"269",2316,5,3919,78564,0.0498828980194491,0.00177698138445608,0.177698138445608,0,FALSE,TRUE
"270",2316,6,4071,78413,0.0519174116536799,0.00203451363423077,0.203451363423077,0,FALSE,TRUE
"271",2316,7,4175,78726,0.0530320351599218,0.00111462350624188,0.111462350624188,0,FALSE,TRUE
"272",2316,8,4256,78624,0.0541310541310541,0.00109901897113238,0.109901897113238,0,FALSE,TRUE
"273",2316,9,4456,78498,0.0567657774720375,0.00263472334098337,0.263472334098337,0,FALSE,TRUE
"274",2316,10,4591,78685,0.0583465717735274,0.00158079430148985,0.158079430148985,0,FALSE,TRUE
"275",2316,11,4898,78650,0.0622759059122696,0.0039293341387422,0.39293341387422,0,FALSE,TRUE
"276",2316,12,5076,78594,0.0645850828307504,0.00230917691848089,0.230917691848089,0,FALSE,TRUE
"277",2317,1,4986,78864,0.0632227632379793,-0.00136231959277114,-0.136231959277114,1,FALSE,FALSE
"278",2317,2,4903,78700,0.062299872935197,-0.00092289030278235,-0.092289030278235,1,FALSE,FALSE
"279",2317,3,4987,78588,0.0634575253219321,0.00115765238673515,0.115765238673515,1,FALSE,FALSE
"280",2317,4,4959,78987,0.0627824831934369,-0.000675042128495215,-0.0675042128495215,1,FALSE,FALSE
"281",2317,5,4996,79139,0.0631294304957101,0.000346947302273193,0.0346947302273193,1,FALSE,FALSE
"282",2317,6,4949,78757,0.0628388587681095,-0.00029057172760058,-0.029057172760058,1,FALSE,FALSE
"283",2317,7,5035,79305,0.063489061219343,0.000650202451233539,0.0650202451233539,1,FALSE,FALSE
"284",2317,8,5134,79539,0.064546951809804,0.00105789059046095,0.105789059046095,1,FALSE,FALSE
"285",2317,9,5042,79689,0.0632709658798579,-0.00127598592994604,-0.127598592994604,1,FALSE,FALSE
"286",2317,10,4954,79918,0.061988538251708,-0.00128242762814995,-0.128242762814995,1,FALSE,FALSE
"287",2317,11,5161,80297,0.0642738832085881,0.00228534495688013,0.228534495688013,1,FALSE,FALSE
"288",2317,12,5154,80471,0.0640479178834611,-0.000225965325127003,-0.0225965325127003,1,FALSE,FALSE
"289",2318,1,5019,80959,0.0619943428154992,-0.00205357506796192,-0.205357506796192,2,TRUE,TRUE
"290",2318,2,4928,81108,0.0607584948463777,-0.00123584796912153,-0.123584796912153,2,TRUE,TRUE
"291",2318,3,5038,81573,0.0617606315815282,0.00100213673515053,0.100213673515053,2,TRUE,TRUE
"292",2318,4,4959,81655,0.0607311248545711,-0.00102950672695714,-0.102950672695714,2,TRUE,TRUE
"293",2318,5,4922,81887,0.0601072209263986,-0.000623903928172492,-0.0623903928172492,2,TRUE,TRUE
"294",2318,6,4923,82083,0.0599758780746318,-0.000131342851766796,-0.0131342851766796,2,TRUE,TRUE
"295",2318,7,4913,82230,0.0597470509546394,-0.00022882711999235,-0.022882711999235,2,TRUE,TRUE
"296",2318,8,4939,82578,0.0598101189178716,6.30679632321607e-05,0.00630679632321607,2,TRUE,TRUE
"297",2318,9,4849,82543,0.058745138897302,-0.00106498002056957,-0.106498002056957,2,TRUE,TRUE
"298",2318,10,4875,82616,0.0590079403505374,0.000262801453235414,0.0262801453235414,2,TRUE,TRUE
"299",2318,11,4602,82990,0.0554524641523075,-0.00355547619822992,-0.355547619822992,2,TRUE,TRUE
"300",2318,12,4543,83400,0.0544724220623501,-0.000980042089957389,-0.0980042089957389,2,TRUE,TRUE
"301",2319,1,4326,83161,0.0520195764841693,-0.00245284557818085,-0.245284557818085,3,FALSE,FALSE
"302",2319,2,4452,83912,0.0530555820383259,0.0010360055541566,0.10360055541566,3,FALSE,FALSE
"303",2319,3,4394,84452,0.0520295552503197,-0.00102602678800616,-0.102602678800616,3,FALSE,FALSE
"304",2319,4,4459,84559,0.05273241168888,0.000702856438560245,0.0702856438560245,3,FALSE,FALSE
"305",2319,5,4329,84648,0.0511411964842642,-0.00159121520461571,-0.159121520461571,3,FALSE,FALSE
"306",2319,6,4363,85185,0.0512179374302988,7.67409460345134e-05,0.00767409460345134,3,FALSE,FALSE
"307",2319,7,4305,85299,0.050469524847888,-0.000748412582410742,-0.0748412582410742,3,FALSE,FALSE
"308",2319,8,4305,85204,0.0505257969109431,5.62720630551267e-05,0.00562720630551267,3,FALSE,FALSE
"309",2319,9,4350,85488,0.0508843346434587,0.000358537732515589,0.0358537732515589,3,FALSE,FALSE
"310",2319,10,4144,85987,0.048193331550118,-0.00269100309334069,-0.269100309334069,3,FALSE,FALSE
"311",2319,11,4396,86320,0.0509267840593142,0.00273345250919614,0.273345250919614,3,FALSE,FALSE
"312",2319,12,4489,86401,0.0519554171826715,0.00102863312335732,0.102863312335732,3,FALSE,FALSE
"313",2320,1,4644,86555,0.0536537461729536,0.00169832899028211,0.169832899028211,0,FALSE,TRUE
"314",2320,2,4731,86754,0.0545335085413929,0.000879762368439292,0.0879762368439292,0,FALSE,TRUE
"315",2320,3,4634,86819,0.0533754132160011,-0.0011580953253918,-0.11580953253918,0,FALSE,TRUE
"316",2320,4,4618,86669,0.053283180837439,-9.22323785621099e-05,-0.00922323785621099,0,FALSE,TRUE
"317",2320,5,4705,86891,0.0541483007446111,0.000865119907172071,0.0865119907172071,0,FALSE,TRUE
"318",2320,6,4927,86941,0.0566706157049033,0.00252231496029226,0.252231496029226,0,FALSE,TRUE
"319",2320,7,5063,87149,0.0580959047149135,0.00142528901001022,0.142528901001022,0,FALSE,TRUE
"320",2320,8,5022,87037,0.057699599021106,-0.000396305693807573,-0.0396305693807573,0,FALSE,TRUE
"321",2320,9,5437,87051,0.0624576397743851,0.00475804075327916,0.475804075327916,0,FALSE,TRUE
"322",2320,10,5523,86995,0.0634864072647853,0.0010287674904002,0.10287674904002,0,FALSE,TRUE
"323",2320,11,6140,86626,0.0708794126474731,0.00739300538268772,0.739300538268772,0,FALSE,TRUE
"324",2320,12,6636,86144,0.0770338038632987,0.00615439121582562,0.615439121582562,0,FALSE,TRUE
"325",2321,1,7501,85627,0.0876008735562381,0.0105670696929394,1.05670696929394,1,FALSE,FALSE
"326",2321,2,7520,85256,0.088204935722999,0.000604062166760858,0.0604062166760858,1,FALSE,FALSE
"327",2321,3,7978,85187,0.0936527873971381,0.0054478516741391,0.544785167413909,1,FALSE,FALSE
"328",2321,4,8210,85189,0.0963739449928981,0.00272115759576008,0.272115759576008,1,FALSE,FALSE
"329",2321,5,8433,85451,0.0986881370610057,0.00231419206810758,0.231419206810758,1,FALSE,FALSE
"330",2321,6,8220,85355,0.0963036728955539,-0.00238446416545186,-0.238446416545186,1,FALSE,FALSE
"331",2321,7,8127,85894,0.094616620485715,-0.00168705240983891,-0.168705240983891,1,FALSE,FALSE
"332",2321,8,7928,86234,0.0919358953545005,-0.00268072513121441,-0.268072513121441,1,FALSE,FALSE
"333",2321,9,7923,86279,0.0918299933935257,-0.000105901960974888,-0.0105901960974888,1,FALSE,FALSE
"334",2321,10,7897,86370,0.0914322102581915,-0.000397783135334159,-0.0397783135334159,1,FALSE,FALSE
"335",2321,11,7794,86456,0.0901499028407514,-0.00128230741744013,-0.128230741744013,1,FALSE,FALSE
"336",2321,12,7744,86665,0.0893555645300871,-0.00079433831066425,-0.079433831066425,1,FALSE,FALSE
"337",2322,1,7534,87400,0.0862013729977117,-0.00315419153237544,-0.315419153237544,2,TRUE,TRUE
"338",2322,2,7326,87672,0.083561456337257,-0.00263991666045463,-0.263991666045463,2,TRUE,TRUE
"339",2322,3,7230,87985,0.0821730976871058,-0.00138835865015129,-0.138835865015129,2,TRUE,TRUE
"340",2322,4,7330,88416,0.0829035468693449,0.000730449182239148,0.0730449182239148,2,TRUE,TRUE
"341",2322,5,7053,88794,0.0794310426380161,-0.00347250423132883,-0.347250423132883,2,TRUE,TRUE
"342",2322,6,7322,88563,0.0826756094531576,0.00324456681514156,0.324456681514156,2,TRUE,TRUE
"343",2322,7,7490,89093,0.0840694555127788,0.00139384605962115,0.139384605962115,2,TRUE,TRUE
"344",2322,8,7518,89223,0.0842607847752261,0.000191329262447346,0.0191329262447346,2,TRUE,TRUE
"345",2322,9,7380,89173,0.0827604768259451,-0.00150030794928105,-0.150030794928105,2,TRUE,TRUE
"346",2322,10,7430,89274,0.0832269193718216,0.000466442545876508,0.0466442545876508,2,TRUE,TRUE
"347",2322,11,7620,89634,0.0850123836936877,0.00178546432186608,0.178546432186608,2,TRUE,TRUE
"348",2322,12,7545,89803,0.0840172377314789,-0.00099514596220876,-0.099514596220876,2,TRUE,TRUE
"349",2323,1,7280,89928,0.0809536518103372,-0.00306358592114174,-0.306358592114174,3,FALSE,FALSE
"350",2323,2,7443,90342,0.0823869296672644,0.00143327785692723,0.143327785692723,3,FALSE,FALSE
"351",2323,3,7307,90808,0.0804664787243415,-0.00192045094292292,-0.192045094292292,3,FALSE,FALSE
"352",2323,4,7059,91271,0.0773411050607531,-0.00312537366358832,-0.312537366358832,3,FALSE,FALSE
"353",2323,5,6911,91754,0.0753209669333217,-0.00202013812743143,-0.202013812743143,3,FALSE,FALSE
"354",2323,6,7134,91959,0.0775780510879849,0.00225708415466315,0.225708415466315,3,FALSE,FALSE
"355",2323,7,6829,92084,0.0741605490638982,-0.00341750202408668,-0.341750202408668,3,FALSE,FALSE
"356",2323,8,6925,92441,0.0749126469856449,0.000752097921746714,0.0752097921746714,3,FALSE,FALSE
"357",2323,9,6751,92702,0.072824750275075,-0.00208789671056993,-0.208789671056993,3,FALSE,FALSE
"358",2323,10,6763,93052,0.0726797919442892,-0.00014495833078576,-0.014495833078576,3,FALSE,FALSE
"359",2323,11,6815,93761,0.072684804982882,5.01303859279378e-06,0.000501303859279378,3,FALSE,FALSE
"360",2323,12,6386,94105,0.067860368737049,-0.00482443624583297,-0.482443624583297,3,FALSE,FALSE
"361",2324,1,6489,94384,0.0687510595016104,0.0008906907645614,0.08906907645614,0,FALSE,TRUE
"362",2324,2,6318,94519,0.0668437033823887,-0.00190735611922171,-0.190735611922171,0,FALSE,TRUE
"363",2324,3,6337,94755,0.0668777373225687,3.40339401800061e-05,0.00340339401800061,0,FALSE,TRUE
"364",2324,4,6180,95394,0.0647839486760174,-0.00209378864655137,-0.209378864655137,0,FALSE,TRUE
"365",2324,5,6127,95769,0.0639768609884201,-0.00080708768759731,-0.080708768759731,0,FALSE,TRUE
"366",2324,6,6028,96343,0.0625681160022005,-0.00140874498621958,-0.140874498621958,0,FALSE,TRUE
"367",2324,7,6309,96090,0.0656571963783953,0.00308908037619479,0.308908037619479,0,FALSE,TRUE
"368",2324,8,6080,96431,0.0630502639192791,-0.0026069324591162,-0.26069324591162,0,FALSE,TRUE
"369",2324,9,6125,96670,0.0633598841419261,0.000309620222647078,0.0309620222647078,0,FALSE,TRUE
"370",2324,10,5947,97133,0.0612253302173309,-0.00213455392459527,-0.213455392459527,0,FALSE,TRUE
"371",2324,11,6077,97485,0.062337795558291,0.00111246534096014,0.111246534096014,0,FALSE,TRUE
"372",2324,12,6228,97581,0.0638239001444953,0.00148610458620433,0.148610458620433,0,FALSE,TRUE
"373",2325,1,6109,97948,0.0623698288887981,-0.00145407125569721,-0.145407125569721,1,FALSE,FALSE
"374",2325,2,6173,98329,0.0627790377203063,0.00040920883150819,0.040920883150819,1,FALSE,FALSE
"375",2325,3,6109,98480,0.0620329000812348,-0.000746137639071554,-0.0746137639071554,1,FALSE,FALSE
"376",2325,4,6069,98103,0.0618635515733464,-0.000169348507888391,-0.0169348507888391,1,FALSE,FALSE
"377",2325,5,5840,98331,0.0593912397921307,-0.00247231178121572,-0.247231178121572,1,FALSE,FALSE
"378",2325,6,5959,98679,0.0603877218050446,0.000996482012913982,0.0996482012913982,1,FALSE,FALSE
"379",2325,7,5996,99006,0.060561986142254,0.000174264337209365,0.0174264337209365,1,FALSE,FALSE
"380",2325,8,6320,98776,0.0639831538025431,0.00342116766028912,0.342116766028913,1,FALSE,FALSE
"381",2325,9,6190,99340,0.0623112542782364,-0.00167189952430677,-0.167189952430677,1,FALSE,FALSE
"382",2325,10,6296,99404,0.0633374914490363,0.0010262371707999,0.10262371707999,1,FALSE,FALSE
"383",2325,11,6238,99574,0.0626468756904413,-0.000690615758594984,-0.0690615758594984,1,FALSE,FALSE
"384",2325,12,6325,99933,0.063292405911961,0.000645530221519738,0.0645530221519738,1,FALSE,FALSE
"385",2326,1,6683,99879,0.0669109622643398,0.00361855635237883,0.361855635237883,2,TRUE,TRUE
"386",2326,2,6702,99995,0.0670233511675584,0.000112388903218533,0.0112388903218533,2,TRUE,TRUE
"387",2326,3,6729,99713,0.0674836781563086,0.000460326988750231,0.0460326988750231,2,TRUE,TRUE
"388",2326,4,7358,99233,0.0741487206876745,0.00666504253136585,0.666504253136585,2,TRUE,TRUE
"389",2326,5,7984,98945,0.080691293142655,0.00654257245498055,0.654257245498055,2,TRUE,TRUE
"390",2326,6,8098,98682,0.0820615715125352,0.0013702783698802,0.13702783698802,2,TRUE,TRUE
"391",2326,7,8363,98796,0.0846491760800032,0.00258760456746802,0.258760456746802,2,TRUE,TRUE
"392",2326,8,8281,98824,0.0837954343074557,-0.000853741772547559,-0.0853741772547559,2,TRUE,TRUE
"393",2326,9,8021,99077,0.0809572352816496,-0.00283819902580605,-0.283819902580605,2,TRUE,TRUE
"394",2326,10,8088,99317,0.0814362093095845,0.000478974027934842,0.0478974027934842,2,TRUE,TRUE
"395",2326,11,8023,99545,0.0805967150534934,-0.000839494256091075,-0.0839494256091075,2,TRUE,TRUE
"396",2326,12,7718,99634,0.0774635164702812,-0.00313319858321216,-0.313319858321216,2,TRUE,TRUE
"397",2327,1,8071,99955,0.080746335851133,0.00328281938085179,0.328281938085179,3,FALSE,FALSE
"398",2327,2,8051,100191,0.0803565190486171,-0.000389816802515874,-0.0389816802515874,3,FALSE,FALSE
"399",2327,3,7982,100571,0.0793668154835887,-0.000989703565028435,-0.0989703565028435,3,FALSE,FALSE
"400",2327,4,7869,101056,0.0778677169094363,-0.00149909857415235,-0.149909857415235,3,FALSE,FALSE
"401",2327,5,8174,101048,0.0808922492280896,0.00302453231865327,0.302453231865327,3,FALSE,FALSE
"402",2327,6,8098,100298,0.0807393965981375,-0.000152852629952072,-0.0152852629952072,3,FALSE,FALSE
"403",2327,7,7863,100693,0.078088844308939,-0.0026505522891985,-0.26505522891985,3,FALSE,FALSE
"404",2327,8,8036,100689,0.0798101083534448,0.00172126404450572,0.172126404450572,3,FALSE,FALSE
"405",2327,9,8230,100064,0.0822473616885193,0.00243725333507458,0.243725333507458,3,FALSE,FALSE
"406",2327,10,8646,100378,0.0861344119229313,0.00388705023441198,0.388705023441198,3,FALSE,FALSE
"407",2327,11,9029,100207,0.0901034857844262,0.00396907386149492,0.396907386149492,3,FALSE,FALSE
"408",2327,12,9267,99645,0.0930001505343971,0.00289666474997087,0.289666474997087,3,FALSE,FALSE
"409",2328,1,9397,99692,0.0942603217911166,0.00126017125671953,0.126017125671953,0,FALSE,TRUE
"410",2328,2,9705,99762,0.0972815300414988,0.00302120825038213,0.302120825038213,0,FALSE,TRUE
"411",2328,3,9895,99672,0.0992756240468737,0.00199409400537498,0.199409400537498,0,FALSE,TRUE
"412",2328,4,10244,99576,0.102876195067084,0.00360057102021069,0.360057102021069,0,FALSE,TRUE
"413",2328,5,10335,100116,0.103230252906628,0.00035405783954387,0.035405783954387,0,FALSE,TRUE
"414",2328,6,10538,99543,0.105863797554826,0.00263354464819725,0.263354464819725,0,FALSE,TRUE
"415",2328,7,10849,99493,0.109042847235484,0.00317904968065835,0.317904968065835,0,FALSE,TRUE
"416",2328,8,10881,99633,0.109210803649393,0.000167956413909362,0.0167956413909362,0,FALSE,TRUE
"417",2328,9,11217,99504,0.112729136517125,0.00351833286773166,0.351833286773166,0,FALSE,TRUE
"418",2328,10,11529,99215,0.116202187169279,0.00347305065215391,0.347305065215391,0,FALSE,TRUE
"419",2328,11,11938,99112,0.120449592380337,0.00424740521105856,0.424740521105856,0,FALSE,TRUE
"420",2328,12,12051,99032,0.121687939251959,0.00123834687162157,0.123834687162157,0,FALSE,TRUE
"421",2329,1,11534,99161,0.116315890319783,-0.00537204893217598,-0.537204893217598,1,FALSE,FALSE
"422",2329,2,11545,99089,0.116511419027339,0.00019552870755607,0.019552870755607,1,FALSE,FALSE
"423",2329,3,11408,99179,0.115024349912784,-0.0014870691145551,-0.14870691145551,1,FALSE,FALSE
"424",2329,4,11268,99560,0.113177983125753,-0.00184636678703064,-0.184636678703064,1,FALSE,FALSE
"425",2329,5,11154,99642,0.111940747877401,-0.00123723524835223,-0.123723524835223,1,FALSE,FALSE
"426",2329,6,11246,100633,0.111752606003995,-0.000188141873406378,-0.0188141873406378,1,FALSE,FALSE
"427",2329,7,10548,101208,0.104221010196822,-0.00753159580717233,-0.753159580717233,1,FALSE,FALSE
"428",2329,8,10623,101608,0.104548854420912,0.000327844224089352,0.0327844224089352,1,FALSE,FALSE
"429",2329,9,10282,102016,0.100788111668758,-0.00376074275215389,-0.376074275215389,1,FALSE,FALSE
"430",2329,10,9887,102039,0.09689432471898,-0.00389378694977784,-0.389378694977784,1,FALSE,FALSE
"431",2329,11,9499,102729,0.0924665868449999,-0.00442773787398006,-0.442773787398006,1,FALSE,FALSE
"432",2329,12,9331,102996,0.0905957512913123,-0.00187083555368767,-0.187083555368767,1,FALSE,FALSE
"433",2330,1,9008,103201,0.0872859759110861,-0.00330977538022614,-0.330977538022614,2,TRUE,TRUE
"434",2330,2,8791,103824,0.0846721374633996,-0.00261383844768653,-0.261383844768653,2,TRUE,TRUE
"435",2330,3,8746,103967,0.0841228466725018,-0.000549290790897758,-0.0549290790897758,2,TRUE,TRUE
"436",2330,4,8762,104336,0.0839786842508818,-0.000144162421620075,-0.0144162421620075,2,TRUE,TRUE
"437",2330,5,8456,105193,0.0803855769870619,-0.00359310726381989,-0.359310726381989,2,TRUE,TRUE
"438",2330,6,8226,105591,0.0779043668494474,-0.00248121013761449,-0.248121013761449,2,TRUE,TRUE
"439",2330,7,8537,105435,0.0809693175890359,0.00306495073958851,0.306495073958851,2,TRUE,TRUE
"440",2330,8,8519,105163,0.0810075787111437,3.82611221077522e-05,0.00382611221077522,2,TRUE,TRUE
"441",2330,9,8367,105490,0.0793155749360129,-0.00169200377513076,-0.169200377513076,2,TRUE,TRUE
"442",2330,10,8381,105638,0.0793369810106212,2.14060746082795e-05,0.00214060746082795,2,TRUE,TRUE
"443",2330,11,8198,105972,0.0773600573736459,-0.0019769236369753,-0.19769236369753,2,TRUE,TRUE
"444",2330,12,8358,106223,0.078683524283818,0.00132346691017213,0.132346691017213,2,TRUE,TRUE
"445",2331,1,8423,106302,0.0792365148350925,0.000552990551274474,0.0552990551274474,3,FALSE,FALSE
"446",2331,2,8321,106555,0.0780911266482098,-0.00114538818688263,-0.114538818688263,3,FALSE,FALSE
"447",2331,3,8339,106989,0.0779425922291077,-0.000148534419102175,-0.0148534419102175,3,FALSE,FALSE
"448",2331,4,8395,106936,0.0785049001271789,0.000562307898071199,0.0562307898071199,3,FALSE,FALSE
"449",2331,5,8302,106932,0.0776381251636554,-0.000866774963523456,-0.0866774963523456,3,FALSE,FALSE
"450",2331,6,8460,106505,0.0794328904746256,0.0017947653109702,0.17947653109702,3,FALSE,FALSE
"451",2331,7,8513,106807,0.0797045137490988,0.000271623274473234,0.0271623274473234,3,FALSE,FALSE
"452",2331,8,8196,107095,0.0765301834819553,-0.00317433026714357,-0.317433026714357,3,FALSE,FALSE
"453",2331,9,8248,107657,0.0766136897740045,8.35062920492013e-05,0.00835062920492013,3,FALSE,FALSE
"454",2331,10,8298,107847,0.0769423349745473,0.000328645200542807,0.0328645200542807,3,FALSE,FALSE
"455",2331,11,8128,108007,0.0752543816604479,-0.00168795331409935,-0.168795331409935,3,FALSE,FALSE
"456",2331,12,8138,108216,0.075201448953944,-5.29327065039581e-05,-0.00529327065039581,3,FALSE,FALSE
"457",2332,1,7795,108887,0.0715879765261234,-0.00361347242782056,-0.361347242782056,0,FALSE,TRUE
"458",2332,2,8402,108480,0.0774520648967552,0.00586408837063175,0.586408837063175,0,FALSE,TRUE
"459",2332,3,8383,108837,0.0770234387202881,-0.000428626176467023,-0.0428626176467023,0,FALSE,TRUE
"460",2332,4,8364,108952,0.0767677509361921,-0.000255687784096056,-0.0255687784096056,0,FALSE,TRUE
"461",2332,5,8439,109089,0.0773588537799411,0.000591102843749067,0.0591102843749067,0,FALSE,TRUE
"462",2332,6,8508,109576,0.0776447397240272,0.000285885944086017,0.0285885944086017,0,FALSE,TRUE
"463",2332,7,8319,109810,0.0757581276750751,-0.00188661204895203,-0.188661204895203,0,FALSE,TRUE
"464",2332,8,8135,110015,0.073944462118802,-0.00181366555627314,-0.181366555627314,0,FALSE,TRUE
"465",2332,9,8310,110085,0.0754871235863197,0.00154266146751768,0.154266146751768,0,FALSE,TRUE
"466",2332,10,8243,110273,0.0747508456285764,-0.000736277957743309,-0.0736277957743309,0,FALSE,TRUE
"467",2332,11,8159,110475,0.0738538130798823,-0.000897032548694027,-0.0897032548694027,0,FALSE,TRUE
"468",2332,12,7883,110728,0.0711924716422224,-0.00266134143765995,-0.266134143765995,0,FALSE,TRUE
"469",2333,1,7892,110953,0.071129216875614,-6.32547666083866e-05,-0.00632547666083866,1,FALSE,FALSE
"470",2333,2,7865,111257,0.0706921811661289,-0.000437035709485126,-0.0437035709485126,1,FALSE,FALSE
"471",2333,3,7862,111408,0.0705694384604337,-0.00012274270569515,-0.012274270569515,1,FALSE,FALSE
"472",2333,4,7542,111794,0.0674633701271982,-0.00310606833323548,-0.310606833323548,1,FALSE,FALSE
"473",2333,5,7574,112434,0.0673639646370315,-9.94054901667235e-05,-0.00994054901667235,1,FALSE,FALSE
"474",2333,6,7398,112246,0.0659088074407997,-0.00145515719623183,-0.145515719623183,1,FALSE,FALSE
"475",2333,7,7268,112634,0.0645275849210718,-0.00138122251972789,-0.138122251972789,1,FALSE,FALSE
"476",2333,8,7261,113057,0.0642242408696498,-0.000303344051421961,-0.0303344051421961,1,FALSE,FALSE
"477",2333,9,7102,112909,0.0629002116748886,-0.0013240291947612,-0.13240291947612,1,FALSE,FALSE
"478",2333,10,7227,113282,0.0637965431401282,0.000896331465239542,0.0896331465239542,1,FALSE,FALSE
"479",2333,11,7035,113505,0.0619796484736355,-0.00181689466649265,-0.181689466649265,1,FALSE,FALSE
"480",2333,12,6936,113793,0.0609527826843479,-0.00102686578928763,-0.102686578928763,1,FALSE,FALSE
"481",2334,1,6953,114016,0.0609826690990738,2.98864147259201e-05,0.00298864147259201,2,TRUE,TRUE
"482",2334,2,6929,114227,0.0606599140308333,-0.000322755068240477,-0.0322755068240477,2,TRUE,TRUE
"483",2334,3,6876,114037,0.060296219648009,-0.00036369438282436,-0.036369438282436,2,TRUE,TRUE
"484",2334,4,6601,114650,0.0575752289576973,-0.00272099069031164,-0.272099069031164,2,TRUE,TRUE
"485",2334,5,6779,114292,0.0593129877856718,0.00173775882797445,0.173775882797445,2,TRUE,TRUE
"486",2334,6,6546,114927,0.0569578950116161,-0.00235509277405572,-0.235509277405572,2,TRUE,TRUE
"487",2334,7,6605,115060,0.0574048322614288,0.000446937249812748,0.0446937249812748,2,TRUE,TRUE
"488",2334,8,6843,115282,0.0593587897503513,0.00195395748892249,0.195395748892249,2,TRUE,TRUE
"489",2334,9,6604,115356,0.0572488643850342,-0.00210992536531716,-0.210992536531716,2,TRUE,TRUE
"490",2334,10,6568,115638,0.0567979383939535,-0.000450925991080611,-0.0450925991080611,2,TRUE,TRUE
"491",2334,11,6537,116100,0.0563049095607235,-0.000493028833230026,-0.0493028833230026,2,TRUE,TRUE
"492",2334,12,6518,116104,0.0561393233652587,-0.000165586195464786,-0.0165586195464786,2,TRUE,TRUE
"493",2335,1,6682,116708,0.05725400143949,0.00111467807423128,0.111467807423128,3,FALSE,FALSE
"494",2335,2,6359,116776,0.0544546824690005,-0.00279931897048953,-0.279931897048953,3,FALSE,FALSE
"495",2335,3,6205,117022,0.0530242176684726,-0.00143046480052789,-0.143046480052789,3,FALSE,FALSE
"496",2335,4,6468,117097,0.0552362571201653,0.00221203945169274,0.221203945169274,3,FALSE,FALSE
"497",2335,5,6375,117099,0.0544411139292394,-0.000795143190925975,-0.0795143190925975,3,FALSE,FALSE
"498",2335,6,6577,117418,0.0560135583982013,0.00157244446896194,0.157244446896194,3,FALSE,FALSE
"499",2335,7,6495,117472,0.0552897711795151,-0.000723787218686177,-0.0723787218686177,3,FALSE,FALSE
"500",2335,8,6511,117655,0.0553397645658918,4.99933863766858e-05,0.00499933863766858,3,FALSE,FALSE
"501",2335,9,6590,117354,0.0561548818105902,0.000815117244698377,0.0815117244698377,3,FALSE,FALSE
"502",2335,10,6630,117581,0.0563866611102134,0.000231779299623203,0.0231779299623203,3,FALSE,FALSE
"503",2335,11,6725,117912,0.0570340592984599,0.000647398188246481,0.0647398188246481,3,FALSE,FALSE
"504",2335,12,6667,117830,0.0565815157430196,-0.000452543555440263,-0.0452543555440263,3,FALSE,FALSE
"505",2336,1,6752,119081,0.0567009010673407,0.000119385324321111,0.0119385324321111,0,FALSE,TRUE
"506",2336,2,6651,119059,0.0558630594915126,-0.000837841575828106,-0.0837841575828106,0,FALSE,TRUE
"507",2336,3,6598,119203,0.0553509559323171,-0.000512103559195468,-0.0512103559195468,0,FALSE,TRUE
"508",2336,4,6797,118852,0.0571887725911217,0.00183781665880459,0.183781665880459,0,FALSE,TRUE
"509",2336,5,6742,119151,0.0565836627472703,-0.00060510984385146,-0.060510984385146,0,FALSE,TRUE
"510",2336,6,6590,118983,0.0553860635552978,-0.00119759919197246,-0.119759919197246,0,FALSE,TRUE
"511",2336,7,6922,118810,0.0582610891339113,0.00287502557861347,0.287502557861347,0,FALSE,TRUE
"512",2336,8,7188,118802,0.0605040319186546,0.00224294278474328,0.224294278474328,0,FALSE,TRUE
"513",2336,9,7368,118524,0.062164624886099,0.00166059296744445,0.166059296744445,0,FALSE,TRUE
"514",2336,10,7459,118536,0.0629260309104407,0.000761406024341701,0.0761406024341701,0,FALSE,TRUE
"515",2336,11,7764,118306,0.0656264263858131,0.00270039547537235,0.270039547537235,0,FALSE,TRUE
"516",2336,12,7901,118241,0.0668211534070246,0.00119472702121157,0.119472702121157,0,FALSE,TRUE
"517",2337,1,8015,117940,0.0679582838731558,0.00113713046613122,0.113713046613122,1,FALSE,FALSE
"518",2337,2,8265,117755,0.0701881024160333,0.00222981854287745,0.222981854287745,1,FALSE,FALSE
"519",2337,3,8586,117652,0.0729779349267331,0.00278983251069978,0.278983251069978,1,FALSE,FALSE
"520",2337,4,8439,118109,0.0714509478532542,-0.00152698707347887,-0.152698707347887,1,FALSE,FALSE
"521",2337,5,8736,117440,0.0743869209809264,0.00293597312767223,0.293597312767223,1,FALSE,FALSE
"522",2337,6,8692,117639,0.0738870612636966,-0.000499859717229864,-0.0499859717229864,1,FALSE,FALSE
"523",2337,7,8586,117568,0.0730300762112139,-0.000856985052482634,-0.0856985052482634,1,FALSE,FALSE
"524",2337,8,8666,117484,0.073763235844881,0.000733159633667074,0.0733159633667074,1,FALSE,FALSE
"525",2337,9,8722,117928,0.0739603826063361,0.000197146761455061,0.0197146761455061,1,FALSE,FALSE
"526",2337,10,8842,117800,0.0750594227504244,0.00109904014408838,0.109904014408838,1,FALSE,FALSE
"527",2337,11,8931,117770,0.0758342532054004,0.000774830454975908,0.0774830454975908,1,FALSE,FALSE
"528",2337,12,9198,117466,0.0783035091005057,0.00246925589510533,0.246925589510533,1,FALSE,FALSE
"529",2338,1,9283,117978,0.0786841614538304,0.000380652353324698,0.0380652353324698,2,TRUE,TRUE
"530",2338,2,9454,117753,0.0802867018250066,0.0016025403711762,0.16025403711762,2,TRUE,TRUE
"531",2338,3,9460,118144,0.0800717768147346,-0.000214925010272024,-0.0214925010272024,2,TRUE,TRUE
"532",2338,4,9415,118426,0.079501123064192,-0.000570653750542577,-0.0570653750542577,2,TRUE,TRUE
"533",2338,5,9744,118375,0.0823146779303062,0.00281355486611425,0.281355486611425,2,TRUE,TRUE
"534",2338,6,10040,118419,0.0847836918062135,0.00246901387590731,0.246901387590731,2,TRUE,TRUE
"535",2338,7,9850,118713,0.0829732211299521,-0.00181047067626147,-0.181047067626147,2,TRUE,TRUE
"536",2338,8,9787,118826,0.082364129062663,-0.000609092067289013,-0.0609092067289013,2,TRUE,TRUE
"537",2338,9,9781,118720,0.0823871293800539,2.30003173908588e-05,0.00230003173908588,2,TRUE,TRUE
"538",2338,10,9398,118628,0.0792224432680312,-0.00316468611202275,-0.316468611202275,2,TRUE,TRUE
"539",2338,11,9565,118876,0.0804619940105656,0.00123955074253447,0.123955074253447,2,TRUE,TRUE
"540",2338,12,9557,118997,0.0803129490659428,-0.000149044944622784,-0.0149044944622784,2,TRUE,TRUE
"541",2339,1,9325,119075,0.0783119882427042,-0.00200096082323867,-0.200096082323867,3,FALSE,FALSE
"542",2339,2,9183,119275,0.0769901488157619,-0.00132183942694228,-0.132183942694228,3,FALSE,FALSE
"543",2339,3,9056,119542,0.0757558013083268,-0.00123434750743512,-0.123434750743512,3,FALSE,FALSE
"544",2339,4,9110,119474,0.0762508997773574,0.000495098469030633,0.0495098469030633,3,FALSE,FALSE
"545",2339,5,9149,120115,0.0761686716896308,-8.22280877266351e-05,-0.00822280877266351,3,FALSE,FALSE
"546",2339,6,9121,120290,0.0758250893673622,-0.000343582322268568,-0.0343582322268568,3,FALSE,FALSE
"547",2339,7,8930,120467,0.0741281844820573,-0.00169690488530488,-0.169690488530488,3,FALSE,FALSE
"548",2339,8,8763,120856,0.0725077778513272,-0.00162040663073013,-0.162040663073013,3,FALSE,FALSE
"549",2339,9,8714,120554,0.0722829603331287,-0.000224817518198472,-0.0224817518198472,3,FALSE,FALSE
"550",2339,10,8750,120823,0.072419986260894,0.000137025927765308,0.0137025927765308,3,FALSE,FALSE
"551",2339,11,8542,121169,0.0704965791580355,-0.00192340710285856,-0.192340710285856,3,FALSE,FALSE
"552",2339,12,8477,121464,0.0697902259105579,-0.000706353247477615,-0.0706353247477615,3,FALSE,FALSE
"553",2340,1,8630,121966,0.0707574242001869,0.000967198289629073,0.0967198289629073,0,FALSE,TRUE
"554",2340,2,8583,122086,0.0703029012335567,-0.000454522966630261,-0.0454522966630261,0,FALSE,TRUE
"555",2340,3,8470,121930,0.0694660870991552,-0.000836814134401426,-0.0836814134401426,0,FALSE,TRUE
"556",2340,4,8331,122290,0.0681249488919781,-0.00134113820717717,-0.134113820717717,0,FALSE,TRUE
"557",2340,5,7915,122864,0.0644208230238312,-0.00370412586814685,-0.370412586814685,0,FALSE,TRUE
"558",2340,6,7927,122634,0.064639496387625,0.000218673363793734,0.0218673363793734,0,FALSE,TRUE
"559",2340,7,7946,122706,0.064756409629521,0.000116913241895999,0.0116913241895999,0,FALSE,TRUE
"560",2340,8,7933,123342,0.0643171020414782,-0.000439307588042795,-0.0439307588042795,0,FALSE,TRUE
"561",2340,9,7734,123687,0.0625288025419001,-0.00178829949957805,-0.178829949957805,0,FALSE,TRUE
"562",2340,10,7632,124112,0.0614928451721026,-0.0010359573697975,-0.10359573697975,0,FALSE,TRUE
"563",2340,11,7375,124516,0.0592293359889492,-0.00226350918315341,-0.226350918315341,0,FALSE,TRUE
"564",2340,12,7230,124721,0.0579693876732868,-0.00125994831566243,-0.125994831566243,0,FALSE,TRUE
"565",2341,1,7375,124663,0.0591594939958127,0.00119010632252593,0.119010632252593,1,FALSE,FALSE
"566",2341,2,7187,124928,0.0575291367827869,-0.00163035721302583,-0.163035721302583,1,FALSE,FALSE
"567",2341,3,7153,124955,0.0572446080589012,-0.00028452872388568,-0.028452872388568,1,FALSE,FALSE
"568",2341,4,7645,124945,0.0611869222457881,0.00394231418688694,0.394231418688694,1,FALSE,FALSE
"569",2341,5,7430,124421,0.05971660732513,-0.00147031492065814,-0.147031492065814,1,FALSE,FALSE
"570",2341,6,7427,124522,0.0596440789579351,-7.25283671948601e-05,-0.00725283671948601,1,FALSE,FALSE
"571",2341,7,7527,124816,0.0603047686194078,0.000660689661472626,0.0660689661472626,1,FALSE,FALSE
"572",2341,8,7484,124852,0.0599429724794156,-0.00036179613999214,-0.036179613999214,1,FALSE,FALSE
"573",2341,9,7478,125133,0.0597604149185267,-0.000182557560888939,-0.0182557560888939,1,FALSE,FALSE
"574",2341,10,7328,125388,0.0584425941876416,-0.00131782073088513,-0.131782073088513,1,FALSE,FALSE
"575",2341,11,7426,125188,0.0593187845480397,0.000876190360398182,0.0876190360398182,1,FALSE,FALSE
"576",2341,12,7423,125088,0.0593422230749552,2.34385269154841e-05,0.00234385269154841,1,FALSE,FALSE
"577",2342,1,7491,125125,0.0598681318681319,0.000525908793176641,0.0525908793176641,2,TRUE,TRUE
"578",2342,2,7313,125639,0.05820644863458,-0.00166168323355184,-0.166168323355184,2,TRUE,TRUE
"579",2342,3,7318,125862,0.0581430455578332,-6.34030767468485e-05,-0.00634030767468485,2,TRUE,TRUE
"580",2342,4,7415,125994,0.0588520088258171,0.00070896326798392,0.070896326798392,2,TRUE,TRUE
"581",2342,5,7423,126244,0.0587988340039923,-5.31748218248335e-05,-0.00531748218248335,2,TRUE,TRUE
"582",2342,6,7095,126602,0.0560417686924377,-0.00275706531155455,-0.275706531155455,2,TRUE,TRUE
"583",2342,7,7337,126947,0.0577957730391423,0.0017540043467046,0.17540043467046,2,TRUE,TRUE
"584",2342,8,6882,127172,0.0541156858427956,-0.00368008719634673,-0.368008719634673,2,TRUE,TRUE
"585",2342,9,6979,127536,0.0547218040396437,0.000606118196848124,0.0606118196848124,2,TRUE,TRUE
"586",2342,10,7031,127890,0.0549769333020565,0.000255129262412744,0.0255129262412744,2,TRUE,TRUE
"587",2342,11,7236,127771,0.0566325692058448,0.00165563590378838,0.165563590378838,2,TRUE,TRUE
"588",2342,12,7253,127860,0.0567261066791804,9.35374733355213e-05,0.00935374733355213,2,TRUE,TRUE
"589",2343,1,7158,128298,0.0557919842865828,-0.000934122392597554,-0.0934122392597554,3,FALSE,FALSE
"590",2343,2,7102,128298,0.0553555004754556,-0.000436483811127222,-0.0436483811127222,3,FALSE,FALSE
"591",2343,3,7000,128891,0.0543094552761636,-0.001046045199292,-0.1046045199292,3,FALSE,FALSE
"592",2343,4,6873,129143,0.0532200738715997,-0.00108938140456388,-0.108938140456388,3,FALSE,FALSE
"593",2343,5,6655,129464,0.0514042513748996,-0.00181582249670011,-0.181582249670011,3,FALSE,FALSE
"594",2343,6,6799,129412,0.0525376317497605,0.00113338037486087,0.113338037486087,3,FALSE,FALSE
"595",2343,7,6655,129822,0.051262497881715,-0.00127513386804549,-0.127513386804549,3,FALSE,FALSE
"596",2343,8,6608,130010,0.0508268594723483,-0.000435638409366682,-0.0435638409366682,3,FALSE,FALSE
"597",2343,9,6656,130019,0.0511925180165976,0.000365658544249296,0.0365658544249296,3,FALSE,FALSE
"598",2343,10,6454,130179,0.0495778889068129,-0.00161462910978465,-0.161462910978465,3,FALSE,FALSE
"599",2343,11,6308,130653,0.0482805599565261,-0.00129732895028686,-0.129732895028686,3,FALSE,FALSE
"600",2343,12,6476,130679,0.0495565469585779,0.00127598700205182,0.127598700205182,3,FALSE,FALSE
"601",2344,1,6368,130726,0.0487125743922403,-0.000843972566337635,-0.0843972566337635,0,FALSE,TRUE
"602",2344,2,6306,130807,0.0482084292125039,-0.000504145179736334,-0.0504145179736334,0,FALSE,TRUE
"603",2344,3,6422,130814,0.0490926047670739,0.00088417555456994,0.088417555456994,0,FALSE,TRUE
"604",2344,4,5941,131209,0.0452789061725949,-0.00381369859447899,-0.381369859447899,0,FALSE,TRUE
"605",2344,5,6047,131325,0.0460460689130021,0.000767162740407223,0.0767162740407223,0,FALSE,TRUE
"606",2344,6,6212,131244,0.0473316875438115,0.00128561863080943,0.128561863080943,0,FALSE,TRUE
"607",2344,7,6259,131329,0.0476589329089539,0.000327245365142323,0.0327245365142323,0,FALSE,TRUE
"608",2344,8,6179,131390,0.0470279321105107,-0.000631000798443158,-0.0631000798443158,0,FALSE,TRUE
"609",2344,9,6300,131986,0.0477323352476778,0.000704403137167089,0.0704403137167089,0,FALSE,TRUE
"610",2344,10,6280,131999,0.0475761180008939,-0.000156217246783837,-0.0156217246783837,0,FALSE,TRUE
"611",2344,11,6100,132280,0.0461143029936498,-0.00146181500724411,-0.146181500724411,0,FALSE,TRUE
"612",2344,12,6032,132602,0.0454895099621423,-0.000624793031507483,-0.0624793031507483,0,FALSE,TRUE
"613",2345,1,5976,133027,0.0449232110774504,-0.00056629888469191,-0.056629888469191,1,FALSE,FALSE
"614",2345,2,6111,132856,0.0459971698681279,0.00107395879067746,0.107395879067746,1,FALSE,FALSE
"615",2345,3,5783,132947,0.0434985370109893,-0.00249863285713856,-0.249863285713856,1,FALSE,FALSE
"616",2345,4,6004,132955,0.0451581362115001,0.00165959920051079,0.165959920051079,1,FALSE,FALSE
"617",2345,5,5796,133311,0.0434772824448095,-0.00168085376669062,-0.168085376669062,1,FALSE,FALSE
"618",2345,6,5951,133378,0.0446175531197049,0.00114027067489539,0.114027067489539,1,FALSE,FALSE
"619",2345,7,6025,133414,0.0451601780922542,0.00054262497254929,0.054262497254929,1,FALSE,FALSE
"620",2345,8,5838,133591,0.0437005486896572,-0.00145962940259695,-0.145962940259695,1,FALSE,FALSE
"621",2345,9,5915,133707,0.0442385215433747,0.000537972853717456,0.0537972853717456,1,FALSE,FALSE
"622",2345,10,5778,133993,0.0431216556088751,-0.0011168659344996,-0.11168659344996,1,FALSE,FALSE
"623",2345,11,5716,134309,0.0425585776083509,-0.0005630780005242,-0.05630780005242,1,FALSE,FALSE
"624",2345,12,5653,134523,0.0420225537640403,-0.000536023844310542,-0.0536023844310542,1,FALSE,FALSE
"625",2346,1,5708,136559,0.0417987829436361,-0.000223770820404263,-0.0223770820404263,2,TRUE,TRUE
"626",2346,2,5858,136598,0.0428849617124702,0.00108617876883408,0.108617876883408,2,TRUE,TRUE
"627",2346,3,5733,136701,0.0419382447824083,-0.00094671693006184,-0.094671693006184,2,TRUE,TRUE
"628",2346,4,5481,137270,0.0399286078531362,-0.00200963692927217,-0.200963692927217,2,TRUE,TRUE
"629",2346,5,5758,136630,0.0421430139793603,0.00221440612622416,0.221440612622416,2,TRUE,TRUE
"630",2346,6,5651,136940,0.0412662479918212,-0.00087676598753908,-0.087676598753908,2,TRUE,TRUE
"631",2346,7,5747,136531,0.0420930045191202,0.000826756527298966,0.0826756527298966,2,TRUE,TRUE
"632",2346,8,5853,136662,0.0428282916977653,0.000735287178645086,0.0735287178645086,2,TRUE,TRUE
"633",2346,9,5625,136893,0.0410904867305122,-0.00173780496725313,-0.173780496725313,2,TRUE,TRUE
"634",2346,10,5534,137088,0.0403682306255836,-0.000722256104928584,-0.0722256104928584,2,TRUE,TRUE
"635",2346,11,5639,137322,0.0410640683939937,0.000695837768410111,0.0695837768410111,2,TRUE,TRUE
"636",2346,12,5634,137614,0.0409406019736364,-0.000123466420357279,-0.0123466420357279,2,TRUE,TRUE
"637",2347,1,6023,137778,0.0437152520721741,0.00277465009853767,0.277465009853767,3,FALSE,FALSE
"638",2347,2,6089,137612,0.0442475946865099,0.000532342614335823,0.0532342614335823,3,FALSE,FALSE
"639",2347,3,6141,137783,0.0445700848435584,0.000322490157048452,0.0322490157048452,3,FALSE,FALSE
"640",2347,4,6271,137299,0.0456740398691906,0.00110395502563225,0.110395502563225,3,FALSE,FALSE
"641",2347,5,6226,137092,0.0454147579727482,-0.000259281896442372,-0.0259281896442372,3,FALSE,FALSE
"642",2347,6,6484,136873,0.0473723816969015,0.00195762372415328,0.195762372415328,3,FALSE,FALSE
"643",2347,7,6583,137071,0.0480262053972029,0.000653823700301405,0.0653823700301405,3,FALSE,FALSE
"644",2347,8,7042,136241,0.0516878179109079,0.00366161251370496,0.366161251370496,3,FALSE,FALSE
"645",2347,9,7142,136846,0.0521900530523362,0.000502235141428331,0.0502235141428331,3,FALSE,FALSE
"646",2347,10,7694,136392,0.0564109331925626,0.00422088014022641,0.422088014022641,3,FALSE,FALSE
"647",2347,11,8003,136238,0.0587427883556717,0.00233185516310908,0.233185516310908,3,FALSE,FALSE
"648",2347,12,8258,136047,0.060699611163789,0.00195682280811729,0.195682280811729,3,FALSE,FALSE
"649",2348,1,8182,135701,0.0602943235495685,-0.00040528761422045,-0.040528761422045,0,FALSE,TRUE
"650",2348,2,8215,136438,0.0602104985414621,-8.38250081064765e-05,-0.00838250081064765,0,FALSE,TRUE
"651",2348,3,8304,136177,0.060979460555013,0.000768962013550901,0.0768962013550901,0,FALSE,TRUE
"652",2348,4,8599,136126,0.0631694165699426,0.0021899560149296,0.21899560149296,0,FALSE,TRUE
"653",2348,5,8399,136539,0.0615135602282132,-0.00165585634172937,-0.165585634172937,0,FALSE,TRUE
"654",2348,6,8393,136415,0.0615254920646556,1.19318364424567e-05,0.00119318364424567,0,FALSE,TRUE
"655",2348,7,8390,136413,0.0615044020731162,-2.10899915394427e-05,-0.00210899915394427,0,FALSE,TRUE
"656",2348,8,8304,136705,0.0607439376760177,-0.000760464397098495,-0.0760464397098495,0,FALSE,TRUE
"657",2348,9,8251,137302,0.0600938078105199,-0.000650129865497832,-0.0650129865497832,0,FALSE,TRUE
"658",2348,10,8307,137008,0.0606314959710382,0.000537688160518315,0.0537688160518315,0,FALSE,TRUE
"659",2348,11,8520,136521,0.0624079811897071,0.00177648521866889,0.177648521866889,0,FALSE,TRUE
"660",2348,12,8640,136426,0.0633310366059256,0.000923055416218475,0.0923055416218475,0,FALSE,TRUE
"661",2349,1,8520,137417,0.062001062459521,-0.00132997414640453,-0.132997414640453,1,FALSE,FALSE
"662",2349,2,8618,137482,0.0626845696163861,0.000683507156865125,0.0683507156865125,1,FALSE,FALSE
"663",2349,3,8588,137434,0.0624881761427303,-0.000196393473655819,-0.0196393473655819,1,FALSE,FALSE
"664",2349,4,8842,137633,0.0642433137401641,0.00175513759743374,0.175513759743374,1,FALSE,FALSE
"665",2349,5,8957,137544,0.0651209794683883,0.000877665728224231,0.0877665728224231,1,FALSE,FALSE
"666",2349,6,9266,137790,0.067247260323681,0.00212628085529266,0.212628085529266,1,FALSE,FALSE
"667",2349,7,9011,137474,0.0655469397849775,-0.00170032053870343,-0.170032053870343,1,FALSE,FALSE
"668",2349,8,8896,137549,0.0646751339522643,-0.000871805832713249,-0.0871805832713249,1,FALSE,FALSE
"669",2349,9,8921,137609,0.0648286085939146,0.000153474641650359,0.0153474641650359,1,FALSE,FALSE
"670",2349,10,8732,137984,0.0632826994434137,-0.0015459091505009,-0.15459091505009,1,FALSE,FALSE
"671",2349,11,8576,138424,0.0619545743512686,-0.00132812509214517,-0.132812509214517,1,FALSE,FALSE
"672",2349,12,8317,138411,0.060089154763711,-0.00186541958755759,-0.186541958755759,1,FALSE,FALSE
"673",2350,1,8370,138472,0.060445433011728,0.000356278248017025,0.0356278248017025,2,TRUE,TRUE
"674",2350,2,8167,138542,0.0589496326023877,-0.00149580040934028,-0.149580040934028,2,TRUE,TRUE
"675",2350,3,8491,138453,0.0613276707619192,0.00237803815953148,0.237803815953148,2,TRUE,TRUE
"676",2350,4,8170,138680,0.0589126045572541,-0.0024150662046651,-0.24150662046651,2,TRUE,TRUE
"677",2350,5,8212,138852,0.059142108143923,0.000229503586668914,0.0229503586668914,2,TRUE,TRUE
"678",2350,6,8286,139174,0.0595369824823602,0.000394874338437184,0.0394874338437184,2,TRUE,TRUE
"679",2350,7,8136,139556,0.0582991773911548,-0.00123780509120541,-0.123780509120541,2,TRUE,TRUE
"680",2350,8,7990,139573,0.0572460289597558,-0.00105314843139898,-0.105314843139898,2,TRUE,TRUE
"681",2350,9,7927,139487,0.0568296687146472,-0.000416360245108584,-0.0416360245108584,2,TRUE,TRUE
"682",2350,10,8061,139732,0.0576890046660751,0.000859335951427814,0.0859335951427814,2,TRUE,TRUE
"683",2350,11,7932,140231,0.0565638125664083,-0.00112519209966677,-0.112519209966677,2,TRUE,TRUE
"684",2350,12,7934,140125,0.0566208742194469,5.70616530386342e-05,0.00570616530386342,2,TRUE,TRUE
"685",2351,1,7784,140245,0.0555028699775393,-0.00111800424190762,-0.111800424190762,3,FALSE,FALSE
"686",2351,2,7980,140385,0.0568436798803291,0.00134080990278979,0.134080990278979,3,FALSE,FALSE
"687",2351,3,7737,140654,0.0550073229342927,-0.00183635694603643,-0.183635694603643,3,FALSE,FALSE
"688",2351,4,7672,141254,0.0543135061661971,-0.000693816768095601,-0.0693816768095601,3,FALSE,FALSE
"689",2351,5,7651,141609,0.054029051825802,-0.000284454340395028,-0.0284454340395028,3,FALSE,FALSE
"690",2351,6,7524,141714,0.0530928489775181,-0.000936202848283933,-0.0936202848283933,3,FALSE,FALSE
"691",2351,7,7406,142026,0.0521453818314956,-0.000947467146022458,-0.0947467146022458,3,FALSE,FALSE
"692",2351,8,7345,142434,0.0515677436567112,-0.000577638174784463,-0.0577638174784463,3,FALSE,FALSE
"693",2351,9,7553,142401,0.0530403578626555,0.00147261420594428,0.147261420594428,3,FALSE,FALSE
"694",2351,10,7453,142548,0.0522841428852036,-0.000756214977451874,-0.0756214977451874,3,FALSE,FALSE
"695",2351,11,7566,142499,0.0530951094393645,0.000810966554160901,0.0810966554160901,3,FALSE,FALSE
"696",2351,12,7279,142752,0.0509905290293656,-0.00210458040999887,-0.210458040999887,3,FALSE,FALSE
"697",2352,1,7064,143150,0.0493468389800908,-0.0016436900492748,-0.16436900492748,0,FALSE,TRUE
"698",2352,2,7184,143457,0.0500777236384422,0.000730884658351368,0.0730884658351368,0,FALSE,TRUE
"699",2352,3,7072,143741,0.0491996020620421,-0.000878121576400034,-0.0878121576400034,0,FALSE,TRUE
"700",2352,4,7120,143761,0.0495266449176063,0.000327042855564161,0.0327042855564161,0,FALSE,TRUE
"701",2352,5,6980,144089,0.0484422822005844,-0.00108436271702195,-0.108436271702195,0,FALSE,TRUE
"702",2352,6,7001,144353,0.048499165240764,5.68830401796033e-05,0.00568830401796033,0,FALSE,TRUE
"703",2352,7,7175,144202,0.0497565914481075,0.00125742620734356,0.125742620734356,0,FALSE,TRUE
"704",2352,8,7091,144625,0.0490302506482282,-0.000726340799879342,-0.0726340799879342,0,FALSE,TRUE
"705",2352,9,6847,144815,0.0472810137071436,-0.00174923694108458,-0.174923694108458,0,FALSE,TRUE
"706",2352,10,6727,145314,0.0462928554715994,-0.000988158235544163,-0.0988158235544163,0,FALSE,TRUE
"707",2352,11,6872,145534,0.0472192065084448,0.000926351036845331,0.0926351036845331,0,FALSE,TRUE
"708",2352,12,6762,145970,0.0463245872439542,-0.000894619264490526,-0.0894619264490526,0,FALSE,TRUE
"709",2353,1,7116,146028,0.0487303804749774,0.00240579323102316,0.240579323102316,1,FALSE,FALSE
"710",2353,2,6927,146057,0.0474266895800954,-0.00130369089488196,-0.130369089488196,1,FALSE,FALSE
"711",2353,3,6731,146320,0.0460019136139967,-0.00142477596609872,-0.142477596609872,1,FALSE,FALSE
"712",2353,4,6850,145586,0.0470512274531892,0.00104931383919246,0.104931383919246,1,FALSE,FALSE
"713",2353,5,6766,145903,0.0463732753952969,-0.000677952057892305,-0.0677952057892305,1,FALSE,FALSE
"714",2353,6,6979,146063,0.0477807521411993,0.00140747674590247,0.140747674590247,1,FALSE,FALSE
"715",2353,7,7149,145905,0.0489976354477228,0.00121688330652349,0.121688330652349,1,FALSE,FALSE
"716",2353,8,7067,145682,0.0485097678505237,-0.000487867597199092,-0.0487867597199092,1,FALSE,FALSE
"717",2353,9,7170,146244,0.0490276524165094,0.00051788456598565,0.051788456598565,1,FALSE,FALSE
"718",2353,10,7237,145946,0.049586833486358,0.00055918106984857,0.055918106984857,1,FALSE,FALSE
"719",2353,11,7240,146595,0.0493877690235001,-0.000199064462857848,-0.0199064462857848,1,FALSE,FALSE
"720",2353,12,7645,146273,0.0522652847757276,0.00287751575222746,0.287751575222746,1,FALSE,FALSE
"721",2354,1,7685,146378,0.0525010589022941,0.000235774126566488,0.0235774126566488,2,TRUE,TRUE
"722",2354,2,7497,146156,0.0512945072388407,-0.00120655166345337,-0.120655166345337,2,TRUE,TRUE
"723",2354,3,7822,146086,0.0535438029653766,0.00224929572653586,0.224929572653586,2,TRUE,TRUE
"724",2354,4,7637,146132,0.0522609695343936,-0.001282833430983,-0.1282833430983,2,TRUE,TRUE
"725",2354,5,8395,145908,0.0575362557227842,0.00527528618839066,0.527528618839066,2,TRUE,TRUE
"726",2354,6,8575,145737,0.0588388672746111,0.00130261155182689,0.130261155182689,2,TRUE,TRUE
"727",2354,7,8937,145532,0.0614091746145178,0.00257030733990665,0.257030733990665,2,TRUE,TRUE
"728",2354,8,9438,145203,0.0649986570525402,0.00358948243802247,0.358948243802247,2,TRUE,TRUE
"729",2354,9,9494,145076,0.0654415616642312,0.000442904611690928,0.0442904611690928,2,TRUE,TRUE
"730",2354,10,10074,144802,0.0695708622809077,0.00412930061667656,0.412930061667656,2,TRUE,TRUE
"731",2354,11,10538,144100,0.0731297709923664,0.00355890871145868,0.355890871145868,2,TRUE,TRUE
"732",2354,12,11286,143369,0.0787199464319344,0.00559017543956797,0.559017543956797,2,TRUE,TRUE
"733",2355,1,12079,142153,0.0849718261309997,0.00625187969906532,0.625187969906532,3,FALSE,FALSE
"734",2355,2,12881,141644,0.0909392561633391,0.00596743003233938,0.596743003233938,3,FALSE,FALSE
"735",2355,3,13421,140721,0.0953731141762779,0.00443385801293882,0.443385801293882,3,FALSE,FALSE
"736",2355,4,13826,140652,0.0982993487472627,0.00292623457098486,0.292623457098486,3,FALSE,FALSE
"737",2355,5,14492,140250,0.103329768270945,0.00503041952368199,0.503041952368199,3,FALSE,FALSE
"738",2355,6,14705,140005,0.105031963144173,0.00170219487322869,0.170219487322869,3,FALSE,FALSE
"739",2355,7,14607,139898,0.104411785729603,-0.000620177414570433,-0.0620177414570433,3,FALSE,FALSE
"740",2355,8,14819,139481,0.106243861171056,0.00183207544145256,0.183207544145256,3,FALSE,FALSE
"741",2355,9,15005,138810,0.108097399322815,0.0018535381517598,0.18535381517598,3,FALSE,FALSE
"742",2355,10,15382,138421,0.111124757081657,0.00302735775884133,0.302735775884133,3,FALSE,FALSE
"743",2355,11,15223,138665,0.109782569502037,-0.0013421875796194,-0.13421875796194,3,FALSE,FALSE
"744",2355,12,15095,138025,0.10936424560768,-0.000418323894357517,-0.0418323894357517,3,FALSE,FALSE
"745",2356,1,15016,138439,0.10846654483202,-0.000897700775659885,-0.0897700775659885,0,FALSE,TRUE
"746",2356,2,15078,138624,0.10876904432133,0.000302499489309757,0.0302499489309757,0,FALSE,TRUE
"747",2356,3,15192,138767,0.109478478312567,0.000709433991237476,0.0709433991237476,0,FALSE,TRUE
"748",2356,4,15281,139296,0.109701642545371,0.000223164232803899,0.0223164232803899,0,FALSE,TRUE
"749",2356,5,14856,139255,0.106681986284155,-0.00301965626121604,-0.301965626121604,0,FALSE,TRUE
"750",2356,6,14475,139148,0.104025929226435,-0.0026560570577198,-0.26560570577198,0,FALSE,TRUE
"751",2356,7,14542,139167,0.104493162890628,0.000467233664192643,0.0467233664192643,0,FALSE,TRUE
"752",2356,8,14673,139405,0.105254474373229,0.000761311482601279,0.0761311482601279,0,FALSE,TRUE
"753",2356,9,14577,139388,0.104578586391942,-0.000675887981287177,-0.0675887981287177,0,FALSE,TRUE
"754",2356,10,14584,139097,0.104847696211996,0.000269109820054028,0.0269109820054028,0,FALSE,TRUE
"755",2356,11,15094,139046,0.108554003711002,0.00370630749900618,0.370630749900618,0,FALSE,TRUE
"756",2356,12,14354,139295,0.10304748914175,-0.00550651456925259,-0.550651456925259,0,FALSE,TRUE
"757",2357,1,13992,139253,0.100478984294773,-0.0025685048469767,-0.25685048469767,1,FALSE,FALSE
"758",2357,2,13798,139471,0.0989309605581088,-0.00154802373666398,-0.154802373666398,1,FALSE,FALSE
"759",2357,3,13716,139643,0.0982218944021541,-0.000709066155954785,-0.0709066155954785,1,FALSE,FALSE
"760",2357,4,13872,139606,0.0993653567898228,0.00114346238766873,0.114346238766873,1,FALSE,FALSE
"761",2357,5,13871,139681,0.099304844610219,-6.05121796037889e-05,-0.00605121796037889,1,FALSE,FALSE
"762",2357,6,13964,139405,0.100168573580575,0.000863728970355582,0.0863728970355582,1,FALSE,FALSE
"763",2357,7,13817,139509,0.0990402052914149,-0.0011283682891597,-0.11283682891597,1,FALSE,FALSE
"764",2357,8,13837,139870,0.0989275756059198,-0.000112629685495108,-0.0112629685495108,1,FALSE,FALSE
"765",2357,9,13910,140164,0.0992408892440284,0.000313313638108645,0.0313313638108645,1,FALSE,FALSE
"766",2357,10,13696,140314,0.0976096469347321,-0.00163124230929632,-0.163124230929632,1,FALSE,FALSE
"767",2357,11,13325,140771,0.0946572802636907,-0.00295236667104143,-0.295236667104143,1,FALSE,FALSE
"768",2357,12,13049,140896,0.0926144106291165,-0.00204286963457416,-0.204286963457416,1,FALSE,FALSE
"769",2358,1,12748,141608,0.0900231625331902,-0.0025912480959263,-0.25912480959263,2,TRUE,TRUE
"770",2358,2,12806,142019,0.0901710334532703,0.000147870920080118,0.0147870920080118,2,TRUE,TRUE
"771",2358,3,12686,142020,0.0893254471201239,-0.000845586333146409,-0.0845586333146409,2,TRUE,TRUE
"772",2358,4,12518,141934,0.088195922048276,-0.00112952507184796,-0.112952507184796,2,TRUE,TRUE
"773",2358,5,12695,142302,0.0892116765751711,0.00101575452689515,0.101575452689515,2,TRUE,TRUE
"774",2358,6,12701,142448,0.0891623610019095,-4.93155732616407e-05,-0.00493155732616407,2,TRUE,TRUE
"775",2358,7,12745,142250,0.0895957820738137,0.000433421071904236,0.0433421071904236,2,TRUE,TRUE
"776",2358,8,12483,142164,0.0878070397569005,-0.00178874231691323,-0.178874231691323,2,TRUE,TRUE
"777",2358,9,12082,142974,0.08450487501224,-0.00330216474466048,-0.330216474466048,2,TRUE,TRUE
"778",2358,10,12248,143328,0.0854543424871623,0.000949467474922319,0.0949467474922319,2,TRUE,TRUE
"779",2358,11,12042,143277,0.0840469859084152,-0.00140735657874715,-0.140735657874715,2,TRUE,TRUE
"780",2358,12,12206,143305,0.0851749764488329,0.00112799054041775,0.112799054041775,2,TRUE,TRUE
